County,Precinct,First Expression,Final Expression,SDE
Adair,1NW ADAIR,0,0,0
,2NE STUART,0,0,0
,5GF GREENFIELD,0,0,0
,Total,0,0,0
Adams,Adams 5,0,0,0
,Adams 4,0,0,0
,Adams 1,0,0,0
,Total,0,0,0
Allamakee,Pct 11 - Waukon 3,0,0,0
,Pct 07 - CN/LF/LS/LS City,0,0,0
,Pct 05 - LT/PC/WV City,1,0,0
,Pct 08 - IA/UC/NA City,0,0,0
,Pct 01 - WL/HV,0,0,0
,Pct 04 - PV City,0,0,0
,Pct 09 - Waukon 1,0,0,0
,Pct 02 - FC/JF/LL/MK/UP,0,0,0
,Total,1,0,0
Appanoose,Pleasant/Franklin,0,0,0
,Washington/Wells,0,0,0
,Union / Udell Township,0,0,0
,Caldwell Township,0,0,0
,Taylor/Chariton,0,0,0
,Walnut,0,0,0
,Johns/Independence,0,0,0
,Vermillion/Douglas/Sharon,0,0,0
,Centerville Ward 2,1,0,0
,Centerville Ward 1,0,0,0
,Centerville Ward 3,0,0,0
,Total,1,0,0
Audubon,Precinct 2,0,0,0
,Precinct 1,0,0,0
,Total,0,0,0
Benton,Fremont-Atkins,0,0,0
,Belle Plaine 1,0,0,0
,Belle Plaine 2,0,0,0
,Bruce-Cedar-Mt Auburn,0,0,0
,Homer-Monroe-Jackson-Garrison,0,0,0
,Iowa-Leroy-Luzerne-Blairstown,1,0,0
,Florence-St Clair-Norway,0,0,0
,Polk-Urbana,1,0,0
,Walford,0,0,0
,Benton-Canton-Shellsburg,0,0,0
,Vinton 3,0,0,0
,Big Grove-Union-Van Horne,0,0,0
,Kane-Keystone,0,0,0
,Eldorado-Newhall,0,0,0
,Vinton 1,0,0,0
,Vinton 2,1,0,0
,Eden-Harrison-Taylor,0,0,0
,Belle Plaine 3,0,0,0
,Total,3,0,0
Black Hawk,CF W2 P2 & CF Twp,0,0,0
,CF W5 P2,3,0,0
,CF W4 P1,0,0,0
,CF W1 P2,0,0,0
,CF W1 P3,2,0,0
,WL 5-3,0,0,0
,WL 3-5,0,0,0
,WL 4-4,0,0,0
,Bennington,0,0,0
,Eagle,0,0,0
,Evansdale W3,0,0,0
,Elk Run Heights & Raymond,0,0,0
,Cedar Orange,0,0,0
,WL 2-1,0,0,0
,WL 2-6,0,0,0
,CF W5 P1,0,0,0
,WL 5-5,1,0,0
,WL 3-2,0,0,0
,WL 3-3,0,0,0
,CF W2 P1,0,0,0
,Poyner P2 Fox Gilbert Jesup,0,0,0
,Poyner P1 & East Wloo,1,0,0
,Barclay Lester Dunkerton,2,0,0
,Evansdale W4,0,0,0
,WL 4-3,0,0,0
,Evansdale W2,0,0,0
,Mt Vernon,0,0,0
,WL 1-6,3,0,0
,Evansdale W1,0,0,0
,WL 2-5,0,0,0
,WL 5-6,1,0,0
,WL 1-2,3,0,0
,CF W2 P3,0,0,0
,CF W3 P3,1,0,0
,WL 5-2,1,0,0
,Total,18,0,0
Boone,Madrid 2nd Ward,0,0,0
,Rural Precinct 6,0,0,0
,Boone 1st Ward,0,0,0
,Madrid 3rd Ward,0,0,0
,Rural Precinct 4,0,0,0
,Ogden,0,0,0
,Rural Precinct 2,0,0,0
,Boone 3rd Ward,0,0,0
,Madrid 1st Ward,0,0,0
,Rural Precinct 1,0,0,0
,Boone 2nd Ward,0,0,0
,Boone 5th Ward,0,0,0
,Rural Precinct 5,0,0,0
,Rural Precinct 3,0,0,0
,Total,0,0,0
Bremer,WAVERLY WARD III,1,0,0
,CITY OF TRIPOLI/FREMONT,0,0,0
,WAVERLY WARD II/NE 1/4 SEC 36 WASHINGTON TWP,0,0,0
,WAVERLY WARD IV,0,0,0
,WAVERLY WARD I/E WASHINGTON TWP,0,0,0
,CITY OF SUMNER/SUMNER TWP/DAYTON TWP,0,0,0
,CITY OF JANESVILLE/JACKSON TWP,0,0,0
,WAVERLY WARD V/W WASHINGTON TWP,0,0,0
,CITY OF FREDERIKA- FREDERIKA & LEROY TWP,0,0,0
,CITY OF DENVER/JEFFERSON TWP,0,0,0
,LAFAYETTE TWP/WARREN TWPS,0,0,0
,Total,1,0,0
Buchanan,Jesup,0,0,0
,Winthrop,0,0,0
,Middlefield-Newton,0,0,0
,Perry-Westburg,0,0,0
,Independence 1st Ward,0,0,0
,Quasqueton,1,0,0
,Independence 4th Ward,0,0,0
,Brandon,0,0,0
,Rowley,0,0,0
,Aurora,0,0,0
,Fairbank,0,0,0
,Total,1,0,0
Buena Vista,ALTA NOKOMIS ELK,0,0,0
,STORM LAKE 01,0,0,0
,STORM LAKE 02,0,0,0
,STORM LAKE 04,0,0,0
,NEWELL NEWELL PROVIDENCE,0,0,0
,SRL;LGB;RELS;MAP,0,0,0
,Total,0,0,0
Butler,5-AP,0,0,0
,2-CL,0,0,0
,4-AL,0,0,0
,6-SR,0,0,0
,8-NH,1,0,0
,1-GR,0,0,0
,3-DU,0,0,0
,7-PB,0,0,0
,Total,1,0,0
Calhoun,Sherman,0,0,0
,Greenfield & Lincoln 2,0,0,0
,Center- Logan- TL- GA- L,0,0,0
,Cedar,0,0,0
,Rockwell City,1,0,0
,Reading,0,0,0
,Butler- Williams,0,0,0
,Calhoun- Jackson- EG- LK,0,0,0
,Lincoln 1,0,0,0
,Total,1,0,0
Carroll,Glidden-Richland,0,0,0
,Union,0,0,0
,Carroll Ward Three &amp; S1/2 Maple River Twp,0,0,0
,Carroll Ward Four,0,0,0
,Wheatland-Kniest,0,0,0
,Carroll Ward One,0,0,0
,Eden,0,0,0
,Ewoldt,0,0,0
,Pleasant Valley-Newton,0,0,0
,Sheridan-Grant-Jasper,0,0,0
,Total,0,0,0
Cass,Atlantic 3,0,0,0
,Noble- Pleasant Twp/Griswold,0,0,0
,Brighton- Grove- Pymosa- Washington Twp/Marne,0,0,0
,Enda- Victoria Twp,0,0,0
,Benton- Franklin Twp/Wiota,0,0,0
,Bear Grove- Cass Twp/Lewis,0,0,0
,Massena Twp/Massena City,0,0,0
,Atlantic 4,0,0,0
,Grant- Lincoln Twp/Anita,0,0,0
,Union Twp/Cumberland,0,0,0
,Atlantic 1,0,0,0
,Total,0,0,0
Cedar,WEST BRANCH 1,0,0,0
,CASS/CENTER/IOWA/ROCHESTER,0,0,0
,FARMINGTON/SUGAR CREEK,0,0,0
,MASSILLON/SPRINGFIELD,0,0,0
,LINN/PIONEER,1,0,0
,GOWER/SPRINGDALE,0,0,0
,FREMONT/RED OAK,0,0,0
,DAYTON/FAIRFIELD,0,0,0
,TIPTON 3,1,0,0
,TIPTON 2,0,0,0
,Total,2,0,0
Cerro Gordo,Clear Lake - Grant - Union,1,0,0
,Mason City W-1 P-1,0,0,0
,Mason City W-3 P-1,2,0,0
,Mason City W-4 P-2,0,0,0
,Mason City W-3 P-3,0,0,0
,Clear Lake - Ward 2,0,0,0
,Clear Lake - Ward 1,0,0,0
,Geneseo Twp Pct,0,0,0
,Mason City W-3 P-2,0,0,0
,Mason City W-4 P-3,2,0,0
,Clear Lake - Ward 3,0,0,0
,Mason City W-1 P-2,0,0,0
,Grimes - Thornton Pct,0,0,0
,Mason City W-2 P-2,0,0,0
,Mason City W-1 P-3,0,0,0
,Portland - Owen - Dougherty,0,0,0
,Lime Creek / Mason N Twps,0,0,0
,Lake / Lincoln Twps Pct,0,0,0
,Mt Vernon - Pl Valley Twps,0,0,0
,Total,5,0,0
Cherokee,#1 Aurelia,0,0,0
,#3 Quimby,0,0,0
,#5 Cherokee Ward 1,0,0,0
,Total,0,0,0
Chickasaw,New Hampton Rural,0,0,0
,Washington 1 Township,0,0,0
,Jacksonville-Utica,0,0,0
,Chickasaw,0,0,0
,Bradford,0,0,0
,Dresden-Fredericksburg,0,0,0
,Stapleton,0,0,0
,Deerfield-Washington 2,0,0,0
,City of New Hampton Ward One,0,0,0
,City of New Hampton Ward Two,0,0,0
,Total,0,0,0
Clarke,Woodburn Precinct,0,0,0
,Middle Precinct,0,0,0
,Osceola 1st Ward Precinct,0,0,0
,North East Precinct,0,0,0
,Osceola 3rd Ward Precinct,0,0,0
,Osceola 2nd Ward Precinct,0,0,0
,Total,0,0,0
Clay,Spencer Ward 3,0,0,0
,Spencer Ward 5,0,0,0
,Spencer Ward 4,0,0,0
,Lincoln-Clay,0,0,0
,Spencer Ward 1,0,0,0
,Spencer Ward 2,0,0,0
,Garfield-Herdland,0,0,0
,Logan-Gillett Grove,0,0,0
,Summit-Riverton-Sioux-Meadow,0,0,0
,Total,0,0,0
Clayton,BUENA VISTA,0,0,0
,COX CREEK-SPERRY,0,0,0
,READ,0,0,0
,LODOMILLO,0,0,0
,BOARDMAN-HIGHLAND,0,0,0
,MENDON,0,0,0
,JEFFERSON-MILLVILLE,0,0,0
,CASS,1,0,0
,ELK-MALLORY-VOLGA,0,0,0
,GIARD-LUANA-MONONA,0,0,0
,FARMERSBURG-WAGNER,0,0,0
,Total,1,0,0
Clinton,ORANGE GRAND MOUND,0,0,0
,SPRING ROCK WHEATLAND,0,0,0
,CLINTON 4-2,2,0,0
,CLINTON 3-2,0,0,0
,WELTON WASHINGTON WELTON,0,0,0
,CLINTON 1-2,0,0,0
,CENTER TWP,0,0,0
,CLINTON 2-2,0,0,0
,CLINTON 3-1,1,0,0
,LIBERTY TORONTO,0,0,0
,WATERFORD CHARLOTTE,0,0,0
,SHARON LOST NATION,0,0,0
,LOW MOOR,0,0,0
,EDEN CAMANCHE TWP,0,0,0
,OLIVE GRANT CALAMUS,0,0,0
,DEEP CREEK GOOSE LAKE,0,0,0
,BLOOMFIELD BROOKFIELD DEL,0,0,0
,CLINTON 1-1,0,0,0
,CLINTON 4-1,0,0,0
,CAMANCHE 2,0,0,0
,CLINTON 2-1,0,0,0
,DEWITT 1,0,0,0
,CAMANCHE 1,0,0,0
,DEWITT 2,0,0,0
,Total,3,0,0
Crawford,SRK,0,0,0
,Southeast,0,0,0
,Denison Ward 1,0,0,0
,Denison Ward 3-Goodrich Twp,0,0,0
,Northeast,1,0,0
,Total,1,0,0
Dallas,WEST DES MOINES 221,0,0,0
,WEST DES MOINES 225,0,0,0
,WEST DES MOINES 223,0,0,0
,CLIVE 5,0,0,0
,DESOTO,0,0,0
,WAUKEE 4,0,0,0
,SPRING VALLEY / DALLAS,0,0,0
,UNION,0,0,0
,WEST DES MOINES 224,0,0,0
,PERRY 2,0,0,0
,URBANDALE 15,0,0,0
,LINCOLN /WASHINGTON /LINN,0,0,0
,URBANDALE 14,0,0,0
,WAUKEE 5,0,0,0
,ADEL 1,0,0,0
,ADAMS,0,0,0
,BEAVER / DES MOINES,0,0,0
,URBANDALE 13,0,0,0
,ADEL 2,0,0,0
,WEST DES MOINES 222,0,0,0
,CLIVE 6,0,0,0
,WAUKEE 1,0,0,0
,WEST DES MOINES 226,0,0,0
,WEST DES MOINES 321,0,0,0
,PERRY 1,0,0,0
,VAN METER,0,0,0
,WAUKEE 6,0,0,0
,WAUKEE 3,0,0,0
,WAUKEE 2,0,0,0
,Total,0,0,0
Davis,Bloomfield Ward 1,0,0,0
,Bloomfield Ward 2,0,0,0
,Central,0,0,0
,Southwest,0,0,0
,Northwest,1,1,0
,Southeast,0,0,0
,Northeast,0,0,0
,Total,1,1,0
Decatur,GG/HP/WE/Garden Grove/LeRoy,0,0,0
,BL/FA/Lamoni,1,0,0
,FR/LC/Van Wert/Weldon,0,0,0
,GR/RL/Grand River,0,0,0
,BU/HA/MO/NB/Davis City/Pleasanton,1,0,0
,Total,2,0,0
Delaware,South Fork/Union,0,0,0
,Delaware,0,0,0
,Delhi/Delaware Corp,0,0,0
,Oneida/N Fork/Bremen,0,0,0
,Manchester Ward 2,0,0,0
,Manchester Ward 3,0,0,0
,Milo/Prairie,0,0,0
,Colony,0,0,0
,Manchester Ward 1,0,0,0
,Adams/Hazel Green,0,0,0
,Total,0,0,0
Des Moines,PCT PW,0,0,0
,PCT HJ,0,0,0
,PCT MY,0,0,0
,PCT FM,0,0,0
,PCT 9,0,0,0
,PCT 6,0,0,0
,PCT UNION,0,0,0
,PCT WB,3,0,0
,PCT 8,0,0,0
,PCT 2,1,0,0
,PCT 7,0,0,0
,PCT 4,0,0,0
,Total,4,0,0
Dickinson,Precinct No. 14,0,0,0
,Precinct No. 04,0,0,0
,Precinct No. 12,0,0,0
,Precinct No. 03,0,0,0
,Precinct No. 02,0,0,0
,Precinct No. 06,0,0,0
,Precinct No. 09,0,0,0
,Precinct No. 07,0,0,0
,Precinct No. 08,0,0,0
,Precinct No. 11,0,0,0
,Precinct No. 13,0,0,0
,Precinct No. 01,0,0,0
,Total,0,0,0
Dubuque,Dubuque_10,5,0,0
,Dubuque_01,0,0,0
,Dubuque_33,0,0,0
,Dubuque_04,2,0,0
,Dubuque_19,2,0,0
,Dubuque_11,0,0,0
,Dubuque_09a,0,0,0
,Dubuque_32,0,0,0
,Dubuque_16,2,0,0
,Dubuque_05,0,0,0
,Dubuque_12,1,0,0
,Dubuque_06,0,0,0
,Dubuque_08,1,1,0
,Dubuque_43,0,0,0
,Dubuque_17,0,0,0
,Dubuque_18,0,0,0
,Dubuque_13,0,0,0
,Dubuque_41,1,0,0
,Dubuque_35,0,0,0
,Dubuque_37,0,0,0
,Dubuque_42,2,0,0
,Dubuque_44,0,0,0
,Total,16,1,0
Emmet,Estherville Ward 3,0,0,0
,HL-TM-Wallingford,0,0,0
,EL-LN-Dolliver,0,0,0
,Estherville Ward 2,0,0,0
,AG-IL-Armstrong,0,0,0
,Estherville Ward 5,0,0,0
,Estherville Ward 4,0,0,0
,Estherville Ward 1,0,0,0
,Total,0,0,0
Fayette,FAIRFIELD-PUTNAM TWP,0,0,0
,ILLYRIA TWP,0,0,0
,BANKS-FREMONT TWP,0,0,0
,DOVER TWP,0,0,0
,WEST UNION - WARD 1,0,0,0
,HARLAN TWP,0,0,0
,ORAN TWP,0,0,0
,JEFFERSON TWP,0,0,0
,FAIRBANK INC,0,0,0
,WEST UNION - WARD 3,0,0,0
,SCOTT TWP,0,0,0
,WEST UNION - WARD 2,0,0,0
,EDEN TWP,0,0,0
,PLEASANT VALLEY TWP,0,0,0
,CLERMONT TWP,0,0,0
,OELWEIN - WARD 2,0,0,0
,WESTFIELD TWP,0,0,0
,OELWEIN - WARD 3,0,0,0
,OELWEIN - WARD 4,2,0,0
,Total,2,0,0
Floyd,Floyd-Cedar-Niles,0,0,0
,St Charles-Riverton,0,0,0
,Scott-Union-Pleasant Grove,0,0,0
,Charles City Corp/CC2,0,0,0
,Rock Grove-Rudd,0,0,0
,Charles City Corp/CC1,0,0,0
,Charles City Corp/CC3,0,0,0
,Total,0,0,0
Franklin,RICHLAND/ ROSS/ WEST FORK,0,0,0
,OAKLAND/ MORGAN,0,0,0
,MARION,0,0,0
,WEST MOTT TOWNSHIP,0,0,0
,HAMILTON/ LEE/ REEVE,0,0,0
,HAMPTON 2,0,0,0
,GRANT/ OSCEOLA,0,0,0
,GENEVA/ INGHAM/ EAST MOTT,0,0,0
,HAMPTON 1,0,0,0
,HAMPTON 3,0,0,0
,HAMPTON 4,0,0,0
,Total,0,0,0
Fremont,Farragut,0,0,0
,Riverton,0,0,0
,Sidney,0,0,0
,Green Riverside Scott,0,0,0
,Total,0,0,0
Greene,West Precinct,0,0,0
,Central Precinct,0,0,0
,North Precinct,0,0,0
,Jefferson 1 Precinct,0,0,0
,Jefferson 2 Precinct,0,0,0
,East Precinct,0,0,0
,Jefferson 3 Precinct,0,0,0
,Total,0,0,0
Grundy,PRECINCT 3,0,0,0
,PRECINCT 1,0,0,0
,PRECINCT 6,2,0,0
,PRECINCT 2,0,0,0
,PRECINCT 4,0,0,0
,Total,2,0,0
Guthrie,Black,0,0,0
,Red,0,0,0
,Purple,0,0,0
,Blue,0,0,0
,Brown,0,0,0
,Green,0,0,0
,Total,0,0,0
Hamilton,PCT 1 CASS FREEDOM FREMONT INDEPENDENCE,0,0,0
,PCT 2 BLAIRSBURG LIBERTY WILLIAMS,0,0,0
,PCT 4 LYON ELLSWORTH,0,0,0
,Webster City 3,0,0,0
,Webster City 2,0,0,0
,Webster City 1,0,0,0
,PCT 3 CLEAR LAKE HAMILTON MARION WEBSTER,0,0,0
,PCT 5 LINCOLN ROSE GROVE SCOTT,0,0,0
,Total,0,0,0
Hancock,Precinct 04,0,0,0
,Precinct 02,0,0,0
,Precinct 08,0,0,0
,Precinct 03,0,0,0
,Precinct 06,0,0,0
,Precinct 10,0,0,0
,Precinct 07,0,0,0
,Precinct 09,0,0,0
,Precinct 01,0,0,0
,Total,0,0,0
Hardin,Eldora City,0,0,0
,Alden/Buckeye,0,0,0
,Etna/Clay,0,0,0
,Iowa Falls #1,0,0,0
,Concord/Sherman/Grant/Tip,0,0,0
,Eldora/Pleasant/Prov/Unio,0,0,0
,Hardin/Ellis/Jackson,0,0,0
,Total,0,0,0
Harrison,Precinct #08-Modale,0,0,0
,Precinct #01-Little Sioux,0,0,0
,Precinct #06-Boyer/Lincoln,0,0,0
,Precinct #05-Magnolia,0,0,0
,Precinct #13-Persia,0,0,0
,Precinct #03-Dunlap,0,0,0
,Precinct #11 - St. John,0,0,0
,Precinct #02-Pisgah,0,0,0
,Precinct #10 - Logan,0,0,0
,Precinct #04-Mondamin,0,0,0
,Total,0,0,0
Henry,Southwest Precinct,1,0,0
,Mt. Pleasant Ward 1,0,0,0
,Northeast Precinct,0,0,0
,Northwest Precinct,0,0,0
,Mt. Pleasant Ward 2,0,0,0
,Central Precinct,0,0,0
,Mt. Pleasant Ward 3,0,0,0
,Total,1,0,0
Howard,Albion/Forest City,0,0,0
,Cresco 2,0,0,0
,Afton/Howard/Paris,0,0,0
,Jamestown/Oakdale,0,0,0
,Cresco 3,0,0,0
,Saratoga/Howard Ctr/Chest,0,0,0
,New Oregon,0,0,0
,Vernon Springs,0,0,0
,Total,0,0,0
Humboldt,Humboldt 2-Beaver-South Norway,0,0,0
,Dakota City-Grove,0,0,0
,Delana-Wacousta-North Rutland,0,0,0
,Humboldt 3-South Rutland,0,0,0
,North Lake-East Vernon,0,0,0
,Humboldt 1-Corinth-South Weaver,0,0,0
,South Lake-North Norway,0,0,0
,Total,0,0,0
Ida,City of Holstein,0,0,0
,Ida Grove Ward 1,0,0,0
,Ida Grove Ward 3,0,0,0
,Ida Grove Ward 2,0,0,0
,City of Arthur,0,0,0
,City of Battle Creek & Grant Township,0,0,0
,Total,0,0,0
Iowa,English II,0,0,0
,Honey Creek/Marengo Rural,0,0,0
,Dayton/English I,1,1,0
,Lenox/Iowa,0,0,0
,Williamsburg,0,0,0
,Marengo City,0,0,0
,Fillmore/Greene,1,0,0
,Hilton/Washington,0,0,0
,Pilot/Troy/York,0,0,0
,Hartford I/Sumner,0,0,0
,Hartford II/Lincoln,0,0,0
,Total,2,1,0
Jackson,Jackson 01,0,0,0
,Jackson 02,0,0,0
,Jackson 08,0,0,0
,Jackson 05,0,0,0
,Jackson 16,1,0,0
,Jackson 11,1,0,0
,Jackson 15,0,0,0
,Jackson 07,0,0,0
,Jackson 06,0,0,0
,Jackson 14,0,0,0
,Jackson 13,0,0,0
,Jackson 12,0,0,0
,Jackson 09,0,0,0
,Total,2,0,0
Jasper,Newton 3-1,0,0,0
,Colfax Ward 1,0,0,0
,Newton 2-2,0,0,0
,Newton 2-1,2,0,0
,Indep/Malaka/Mariposa,0,0,0
,Clear Creek/Poweshiek,0,0,0
,Newton 3-2,0,0,0
,Colfax Ward 3,0,0,0
,Palo Alto,2,0,0
,Mound Prairie/Washington,0,0,0
,Fairview,2,0,0
,Newton 4-1,0,0,0
,Newton 1-2,0,0,0
,Newton 1-1,0,0,0
,Des Moines,0,0,0
,HG/K/RC/BV/RL,0,0,0
,Total,6,0,0
Jefferson,Fairfield 1st Ward,1,0,0
,Fairfield 3rd Ward,1,0,0
,Blackhawk-Polk-Packwood,0,0,0
,Center-Cedar-Maharishi Vedic City,7,0,0
,Fairfield 4th Ward,2,0,0
,Fairfield 5th Ward,0,0,0
,Fairfield 2nd Ward,0,0,0
,Des Moines-Liberty-Libertyville,0,0,0
,Total,11,0,0
Johnson,IOWA CITY 21,4,0,0
,IOWA CITY 18,1,0,0
,GRAHAM TOWNSHIP,0,0,0
,HARDIN TOWNSHIP,0,0,0
,NEWPORT TOWNSHIP,0,0,0
,PENN/ EAST LUCAS NORTH,1,0,0
,UNION TOWNSHIP,0,0,0
,CEDAR TOWNSHIP,0,0,0
,BIG GROVE TOWNSHIP,0,0,0
,JEFFERSON EAST/SHUEYVILLE,0,0,0
,IOWA CITY 11,0,0,0
,CORALVILLE 01,1,0,0
,IOWA CITY 20,3,0,0
,IOWA CITY 19,2,0,0
,IOWA CITY 03,0,0,0
,IOWA CITY 12/EAST LUCAS SE,0,0,0
,IOWA CITY 05,2,0,0
,IOWA CITY 16,0,0,0
,IOWA CITY 02,0,0,0
,IOWA CITY 09,0,0,0
,CORALVILLE 03,0,0,0
,LIBERTY-PLEASANT VALLEY,0,0,0
,FREMONT-LINCOLN (INCLUDES,0,0,0
,WEST LUCAS TOWNSHIP,0,0,0
,HILLS,1,0,0
,OXFORD TOWNSHIP/OXFORD,0,0,0
,UNIVERSITY HEIGHTS,0,0,0
,SCOTT TWP-WEST BRANCH,0,0,0
,CLEAR CREEK/TIFFIN,0,0,0
,CORALVILLE 02,3,0,0
,NORTH LIBERTY 03 (PW),0,0,0
,NORTH LIBERTY 01,2,0,0
,IOWA CITY 08,0,0,0
,NORTH LIBERTY 02,0,0,0
,CORALVILLE 06,0,0,0
,CORALVILLE 07,0,0,0
,NORTH LIBERTY 05,0,0,0
,NORTH LIBERTY 04,0,0,0
,IOWA CITY 24,2,0,0
,CORALVILLE 05,0,0,0
,IOWA CITY 15,0,0,0
,IOWA CITY 13,0,0,0
,IOWA CITY 22,0,0,0
,IOWA CITY 14,2,0,0
,IOWA CITY 04,0,0,0
,IOWA CITY 06,0,0,0
,CORALVILLE 04,1,0,0
,IOWA CITY 10/ELSW,0,0,0
,IOWA CITY 01,0,0,0
,IOWA CITY 07,5,0,0
,NL06/MADISON /CCN,2,0,0
,Total,32,0,0
Jones,OX-OXFORD,0,0,0
,FV-FAIRVIEW,0,0,0
,ANS-ANAMOSA SOUTH/JACKSON,0,0,0
,GF-GREENFIELD,0,0,0
,RLWS-RICHLAND WASHINGTON,3,0,0
,SGMC-SC GRV/MADISON/CLAY,0,0,0
,MN2-MONTICELLO 2,0,0,0
,MN3-MONTICELLO 3,0,0,0
,MN4-MONTICELLO 4,0,0,0
,CGLW-CASTLE GRV/LOV/WAYN,0,0,0
,MN1-MONTICELLO 1,2,0,0
,ANN-ANAMOSA NORTH/CASS,1,0,0
,ROHA-ROME/HALE,0,0,0
,Total,6,0,0
Keokuk,Lafayette/Clear Creek,0,0,0
,English River/Liberty,0,0,0
,Sigourney 4th Ward,0,0,0
,Sigourney 3rd Ward,0,0,0
,Sigourney 1st Ward,0,0,0
,Jackson,2,2,0.1143
,Warren,0,0,0
,Richland,0,0,0
,Sigourney/Plank/Van Buren,0,0,0
,Adams,0,0,0
,Sigourney 2nd Ward,0,0,0
,Benton/Steady Run,0,0,0
,Prairie,0,0,0
,What Cheer/Washington,0,0,0
,Total,2,2,0.1143
Kossuth,AL3,0,0,0
,AL1,0,0,0
,HB- LY- LN- SF,0,0,0
,BT- FT- UN,0,0,0
,IV- PC,0,0,0
,LC,0,0,0
,UN,0,0,0
,AL4,0,0,0
,GF- WM,0,0,0
,EG- GT- HS- SW,0,0,0
,PC,0,0,0
,CR- IV- RV,0,0,0
,AL2,0,0,0
,GW- SN,0,0,0
,LV- SM,0,0,0
,GM- RM,0,0,0
,BF- PT,0,0,0
,Total,0,0,0
Lee,Fort Madison 5,0,0,0
,Keokuk 2,0,0,0
,Montrose,0,0,0
,Franklin/Cedar/Marion/Harison,0,0,0
,Fort Madison 2,0,0,0
,Charleston/DSM/Van Buren,0,0,0
,Keokuk 1,0,0,0
,Keokuk 3,0,0,0
,Jefferson,0,0,0
,Keokuk 4,2,0,0
,Keokuk 5,0,0,0
,Keokuk 7,1,0,0
,Green Bay/Washington,0,0,0
,Keokuk 6,0,0,0
,Fort Madison 4,0,0,0
,Fort Madison 1,0,0,0
,Total,3,0,0
Linn,Linn,0,0,0
,Marion township,0,0,0
,Robins,0,0,0
,College,3,0,0
,Monroe 1,0,0,0
,Cedar Rapids 11,1,0,0
,Monroe 2,0,0,0
,Boulder,0,0,0
,Spring Grove,0,0,0
,Fayette,0,0,0
,Marion 14,0,0,0
,Fairfax Township,0,0,0
,Hiawatha4,0,0,0
,Otter Creek,0,0,0
,Grant,0,0,0
,Clinton,0,0,0
,Buffalo,0,0,0
,Cedar Rapids 21,0,0,0
,Mount Vernon South,0,0,0
,Cedar Rapids 34,2,0,0
,Cedar Rapids 38,0,0,0
,Cedar Rapids 26,1,1,0
,Cedar Rapids 17,0,0,0
,Cedar Rapids 33,2,0,0
,Cedar Rapids 13,0,0,0
,Cedar Rapids 06,0,0,0
,Marion 06,0,0,0
,Franklin,0,0,0
,Marion 05,1,0,0
,Marion 01,0,0,0
,Cedar Rapids 29,0,0,0
,Cedar Rapids 10,0,0,0
,Hiawatha 1,0,0,0
,Cedar Rapids 37,0,0,0
,Cedar Rapids 20,0,0,0
,Cedar Rapids 02,1,0,0
,Cedar Rapids 05,0,0,0
,Cedar Rapids 35,0,0,0
,Marion 08,0,0,0
,Marion 13,0,0,0
,Cedar Rapids 08,1,0,0
,Cedar Rapids 36,1,0,0
,Cedar Rapids 32,0,0,0
,Cedar Rapids 42,0,0,0
,Hiawatha 2,1,0,0
,Cedar Rapids 09,1,0,0
,Marion 10,0,0,0
,Marion 09,0,0,0
,Cedar Rapids 22,0,0,0
,Cedar Rapids 16,2,0,0
,Cedar Rapids 41,0,0,0
,Cedar Rapids 27,1,0,0
,Cedar Rapids 01,2,0,0
,Marion 03,0,0,0
,Cedar Rapids 39,0,0,0
,Cedar Rapids 19,0,0,0
,Marion 11,3,0,0
,Cedar Rapids 15,1,0,0
,Fairfax City,0,0,0
,Bertram,0,0,0
,Cedar Rapids 40,0,0,0
,Cedar Rapids 03,0,0,0
,Marion 12,0,0,0
,Putnam,0,0,0
,Washington,0,0,0
,Cedar Rapids 14,1,0,0
,Cedar Rapids 44,1,0,0
,Mount Vernon north,0,0,0
,Brown,0,0,0
,Cedar Rapids 43,2,0,0
,Cedar Rapids 04,0,0,0
,Cedar Rapids 18,0,0,0
,Maine,0,0,0
,Marion 02,0,0,0
,Marion 04,0,0,0
,Total,28,1,0
Louisa,Columbus Junction,0,0,0
,Southeast Louisa,0,0,0
,Grandview-Port Louisa,0,0,0
,West Louisa,0,0,0
,Morning Sun - Marshall,0,0,0
,Total,0,0,0
Lucas,Chariton Precinct 1,0,0,0
,Lucas-Extension Office Precinct,0,0,0
,Williamson,0,0,0
,City of Russell- Cedar and Washington Townships,0,0,0
,Pine Oak Marsh,0,0,0
,Lucas,0,0,0
,Total,0,0,0
Lyon,PCT 1 GEORGE,0,0,0
,PCT 4 LARCHWOOD,0,0,0
,PCT 2 DOON,0,0,0
,PCT 5 LESTER,0,0,0
,PCT 6 LITTLE ROCK,0,0,0
,PCT 3 INWOOD,0,0,0
,Total,0,0,0
Madison,Union-Crawford-Scott,0,0,0
,Grand River-Monroe-Webster,0,0,0
,Jackson-Douglas-Lincoln,2,0,0
,South,0,0,0
,Jefferson-Lee,1,0,0
,Walnut-Ohio,0,0,0
,Winterset 1,2,0,0
,Penn-Madison,0,0,0
,Winterset 2,3,0,0
,Total,8,0,0
Mahaska,ADAMS - MONROE - PLEASANT GROVE - UNION,0,0,0
,BLACK OAK SCOTT,0,0,0
,E&W DES MOINES - JEFFERSON,0,0,0
,OSKALOOSA WARD 3 - UNIVERSITY PARK,0,0,0
,GARFIELD-LINCOLN-MADISON,0,0,0
,SPRING CREEK,0,0,0
,PRAIRIE - RICHLAND,0,0,0
,OSKALOOSA WARD 4,0,0,0
,OSKALOOSA WARD 2,0,0,0
,OSKALOOSA WARD 1,0,0,0
,Total,0,0,0
Marion,Pleasantville,0,0,0
,Knoxville 4,0,0,0
,Liberty,0,0,0
,Knoxville 2,0,0,0
,Clay,0,0,0
,Washington Township,0,0,0
,Pella 1,0,0,0
,Knoxville 3,0,0,0
,Pella 3,1,0,0
,Pella 4,0,0,0
,Knoxville Township,0,0,0
,Indiana Township,0,0,0
,Dallas,0,0,0
,Pella 2,0,0,0
,Otley,0,0,0
,Total,1,0,0
Marshall,MARSHALLTOWN 3-1,0,0,0
,MARSHALLTOWN 4-2,0,0,0
,MARSHALLTOWN 2-1,0,0,0
,MARSHALLTOWN 4-1,0,0,0
,MARSHALLTOWN 3-2,0,0,0
,MARSHALLTOWN 1-1,0,0,0
,MARION / VIENNA,0,0,0
,TIMBER CREEK,0,0,0
,MARIETTA / WASHINGTON,0,0,0
,MARSHALLTOWN 2-2,0,0,0
,MARSHALLTOWN 1-2,0,0,0
,JEFFERSON,0,0,0
,LEGRAND,0,0,0
,GREEN CASTLE,0,0,0
,BANGOR/LISCOMB,0,0,0
,EDEN / LOGAN,0,0,0
,TAYLOR,0,0,0
,LIBERTY / MINERVA,0,0,0
,STATE CENTER,1,0,0
,Total,1,0,0
Mills,Oak/St. Mary,1,0,0
,Pacific Junction/Lyons/Platville,0,0,0
,Glenwood Ward 2,0,0,0
,Glenwood Ward 3,0,0,0
,Henderson/Anderson,0,0,0
,Emerson/Hastings/Indian Creek,0,0,0
,Deer Creek/White Cloud,0,0,0
,Malvern/Tabor/Center Twp/Rawles Twp/Silver Creek,0,0,0
,Total,1,0,0
Mitchell,Mitchell 10,0,0,0
,OSAGE 02 (Mitchell 6),0,0,0
,Mitchell 12,0,0,0
,OSAGE 04 (Mitchell 8),0,0,0
,Mitchell 5,0,0,0
,Mitchell 7,0,0,0
,Mitchell 6,0,0,0
,Mitchell 11,0,0,0
,OSAGE 01 (Mitchell 5),0,0,0
,Mitchell 8,1,0,0
,Total,1,0,0
Monona,ONAWA Ward 3,0,0,0
,CASTANA CENTER JORDAN,0,0,0
,ST CLAIR UTE,0,0,0
,MOORHEAD SOLDIER SOLDIER CITY SPRING VALLEY WILLOW,0,0,0
,SHERMAN SE FRANKLIN BLENCOE SIOUX,0,0,0
,FAIRVIEW GRANT LAKE RODNEY WEST FORK WHITING,0,0,0
,ONAWA Ward 2- NE Franklin,0,0,0
,ONAWA Ward 1,0,0,0
,COOPER MAPLE MAPLETON,0,0,0
,ASHTON BELVIDERE KENNEBEC LINCOLN FRANKLIN TURIN,0,0,0
,ONAWA Ward 4,0,0,0
,Total,0,0,0
Monroe,No. 3-Albia Third Ward,0,0,0
,No. 4-Albia Fourth Ward,0,0,0
,LOVILIA - Monroe Precinct 6,0,0,0
,CTHSE - Monroe Precinct 5,0,0,0
,No. 1-Albia First Ward,0,0,0
,Total,0,0,0
Montgomery,4 GRFLD LNCLN SHER PILOT GROVE TWP ELLIOTT,0,0,0
,5 PILOT GROVE FRANKFORT DOUGLAS WASH TWP GRANT,0,0,0
,WARD1 PILOT GROVE FRANKFORT RO TWP,0,0,0
,7 SCOTT EAST TWP VILLISCA,0,0,0
,6 WEST GRANT SCOTT TWP COBURG STANTON,0,0,0
,WARD2 SHERMAN RO TWP,0,0,0
,Total,0,0,0
Muscatine,West Liberty/Wapsie-WL1 C,0,0,0
,West Liberty 2,0,0,0
,Muscatine 10th,1,0,0
,Pike-City,0,0,0
,Seventy-Six/Cedar-Seventy,0,0,0
,Orono-City,0,0,0
,Muscatine 01st,0,0,0
,Wilton City,0,0,0
,Muscatine 07th,0,0,0
,Muscatine 05th,2,0,0
,Muscatine 06th,0,0,0
,Fruitland One-City,1,0,0
,Bloomington,0,0,0
,Goshen-City,1,0,0
,Sweetland,0,0,0
,Fulton/Montpelier-City,0,0,0
,Wilton/Moscow-Wilton,0,0,0
,Total,5,0,0
O'Brien,Sheldon 1st Ward,0,0,0
,Hartley-Lincoln-Omega,0,0,0
,Summit-Center-Dale-Highland,0,0,0
,Union-Baker-Caledonia,0,0,0
,Waterman-Grant-Liberty,0,0,0
,Sheldon 2nd Ward,0,0,0
,Sheldon 3rd Ward,0,0,0
,Franklin,0,0,0
,Total,0,0,0
Osceola,May City Precint 0300,0,0,0
,Harris Precinct 0200,0,0,0
,Ashton Precinct 0100,0,0,0
,Osceola 3 Precinct 0800,0,0,0
,Osceola 1 Precinct 0600,0,0,0
,Melvin Precinct 0400,0,0,0
,Total,0,0,0
Page,Cx-Gr-Linc-Mort-Tarkio-Wash-Blan-Coin-Nboro,0,0,0
,Shenandoah 2,0,0,0
,Clarinda Ward 2,1,0,0
,Clarinda Ward 1,0,0,0
,Shenandoah 3,1,0,0
,"Pierce and Fremont Townships, Essex",0,0,0
,Shenandoah 1,0,0,0
,Total,2,0,0
Palo Alto,EM Ward 3/Ayrshire/pt. HL&WL&EM,0,0,0
,City of WB/EL/RL/BO/GO/NV,0,0,0
,Emmetsburg Ward 1,0,0,0
,GR/RV/LI/pt. HL&WL,0,0,0
,Total,0,0,0
Plymouth,Plymouth 03/Sb,0,0,0
,Plymouth 09/Ht,0,0,0
,Plymouth 08/Py,0,0,0
,Plymouth 12/Le Mars 2,0,0,0
,Plymouth 07/Mr,0,0,0
,Plymouth 01/Ak,0,0,0
,Plymouth 05/Rm,0,0,0
,Plymouth 10/Kl,0,0,0
,Plymouth 13/Le Mars 3,0,0,0
,Total,0,0,0
Pocahontas,Swan Lake-N Marshall,1,0,0
,DSM-Cummins-Pow-N Garf-N Sherm-N Roose,1,0,0
,Grant-S Marshall-S Sherman,0,0,0
,Pocahontas #1,0,0,0
,Bellville-Lizard-S Lake-S Lincoln,0,0,0
,Pocahontas #2,0,0,0
,Cedar-Colfax-Dover,0,0,0
,Total,2,0,0
Polk,DES MOINES-41,0,0,0
,DES MOINES-37,0,0,0
,DES MOINES-16,2,0,0
,ANKENY-01,3,3,0
,ANKENY-12,0,0,0
,URBANDALE-11,0,0,0
,DES MOINES-61,0,0,0
,WDM-313,0,0,0
,WDM-316,0,0,0
,CLAY-01,0,0,0
,JOHNSTON-03,0,0,0
,URBANDALE-04,0,0,0
,DES MOINES-72,0,0,0
,CROCKER-01,0,0,0
,ALLEMAN-01,0,0,0
,URBANDALE-10,0,0,0
,MADISON-01,0,0,0
,FRANKLIN-01,1,0,0
,RUNNELLS-01,0,0,0
,GRANGER-01,0,0,0
,DES MOINES-78,0,0,0
,DES MOINES-30,1,0,0
,DES MOINES-33,0,0,0
,URBANDALE-09,1,0,0
,DES MOINES-26,0,0,0
,DES MOINES-77,0,0,0
,ANKENY-05,1,0,0
,WDM-114,1,0,0
,DES MOINES-57,0,0,0
,ANKENY-09,0,0,0
,DES MOINES-51,2,0,0
,DES MOINES-50,0,0,0
,DES MOINES-09,1,0,0
,DES MOINES-46,0,0,0
,ANKENY-11,0,0,0
,ANKENY-13,4,0,0
,DES MOINES-06,0,0,0
,DES MOINES-75,0,0,0
,DES MOINES-31,0,1,0
,DES MOINES-03,0,0,0
,DES MOINES-11,0,0,0
,ALTOONA-03,0,0,0
,JOHNSTON-02,3,0,0
,DES MOINES-22,0,0,0
,DES MOINES-21,0,0,0
,ANKENY-03,1,0,0
,WDM-112,0,0,0
,DES MOINES-82,0,0,0
,URBANDALE-06,2,0,0
,CLIVE-02,0,0,0
,ALTOONA-05,0,0,0
,SAYLOR-01,0,0,0
,ANKENY-04,1,0,0
,URBANDALE-07,0,0,0
,ANKENY-10,2,0,0
,DES MOINES-04,0,0,0
,ALTOONA-04,0,0,0
,ANKENY-06,4,0,0
,DES MOINES-52,0,0,0
,CLIVE-01,2,0,0
,URBANDALE-01,0,0,0
,ANKENY-07,0,0,0
,JOHNSTON-01,0,0,0
,GRIMES-02,0,0,0
,URBANDALE-02,2,0,0
,DES MOINES-35,0,0,0
,CLIVE-03,1,0,0
,WDM-314,0,0,0
,DES MOINES-54,0,0,0
,WDM-315,0,0,0
,URBANDALE-08,0,0,0
,DES MOINES-18,0,0,0
,DES MOINES-19,0,0,0
,DES MOINES-25,0,0,0
,DES MOINES-43,0,0,0
,ANKENY-15,0,0,0
,DES MOINES-45,1,0,0
,DES MOINES-10,0,0,0
,DES MOINES-13,2,0,0
,DES MOINES-64,0,0,0
,WDM-311,0,0,0
,WDM-116,0,0,0
,WDM-211,2,0,0
,WDM-117,0,0,0
,URBANDALE-05,0,0,0
,DELAWARE-01,0,0,0
,DES MOINES-58,0,0,0
,DES MOINES-56,0,0,0
,DES MOINES-39,2,0,0
,DES MOINES-23,0,0,0
,DES MOINES-32,2,0,0
,DES MOINES-44,0,0,0
,WDM-115,4,0,0
,DES MOINES-53,0,0,0
,PLEASANT HILL-02,0,0,0
,DES MOINES-49,0,0,0
,WEBSTER-01,0,0,0
,SAYLOR-02,0,0,0
,GRIMES-03,0,0,0
,BONDURANT-02,0,0,0
,ANKENY-02,0,0,0
,DES MOINES-48,0,0,0
,DES MOINES-34,0,0,0
,DES MOINES-38,0,0,0
,DELAWARE-02,0,0,0
,JOHNSTON-06,0,0,0
,JEFFERSON-01,2,0,0
,CROCKER-02,0,0,0
,MITCHELLVILLE-01,0,0,0
,DES MOINES-01,0,0,0
,DES MOINES-29,0,0,0
,ALTOONA-01,1,0,0
,DES MOINES-74,0,0,0
,Total,51,4,0
Pottawattamie,Walnut,0,0,0
,Treynor,0,0,0
,Neola,0,0,0
,Carson,0,0,0
,McClelland,0,0,0
,Minden,0,0,0
,Council Bluff 09,0,0,0
,Avoca,0,0,0
,Carter Lake 1,0,0,0
,Council Bluff  04,0,0,0
,Underwood,1,0,0
,Oakland,0,0,0
,Council Bluff  20,0,0,0
,Council Bluff 01,0,0,0
,Council Bluff 13,0,0,0
,Council Bluff 10A,0,0,0
,Lewis 2,0,0,0
,Garner,0,0,0
,Council Bluff 19,0,0,0
,Crescent,0,0,0
,Council Bluff 15,0,0,0
,Council Bluff 12,0,0,0
,Council Bluff 18,0,0,0
,Council Bluff 03,0,0,0
,Council Bluff 02,1,0,0
,Council Bluff 14,0,0,0
,Council Bluff 07,0,0,0
,Council Bluff  11,1,0,0
,Council Bluff 05,0,0,0
,Council Bluff 08,1,0,0
,Council Bluff 17,0,0,0
,Council Bluff 06,0,0,0
,Total,4,0,0
Poweshiek,2ND WARD - 07.07GR,2,0,0
,1ST WARD - 06.06GR,0,0,0
,3RD WARD - 08.08GR,1,0,0
,4TH WARD - 09.09GR,0,0,0
,DRL,0,0,0
,MONTEZUMA - 11.11MO,0,0,0
,CGWS,0,0,0
,MS,0,0,0
,JUPS,0,0,0
,BMWJ,0,0,0
,Total,3,0,0
Ringgold,Tingley,0,0,0
,Union,0,0,0
,Mount Ayr 1,0,0,0
,Total,0,0,0
Sac,Lake View,0,0,0
,Lytton,0,0,0
,Auburn,1,0,0
,Nemaha,0,0,0
,Schaller,0,0,0
,Odebolt,0,0,0
,Sac City,0,0,0
,Total,1,0,0
Scott,(B52) City of Bettendorf,0,0,0
,(D51) City of Davenport,0,0,0
,(BF) City of Buffalo,0,0,0
,(PV) Pleasant Valley,0,0,0
,(AG) Allen's Grove Township,0,0,0
,(LCT) LeClaire Township,0,0,0
,(MC) McCausland,0,0,0
,(D62) City of Davenport,0,0,0
,(LG) City of Long Grove,0,0,0
,(RV) City of Riverdale,0,0,0
,(PR) Princeton Township,0,0,0
,(D61) City of Davenport,0,0,0
,(LB) Liberty Township,0,0,0
,(LC1) City of LeClaire,0,0,0
,(EL2) City of Eldridge,0,0,0
,(B22) City of Bettendorf,1,0,0
,(EL1) City of Eldridge,0,0,0
,(LC2) City of LeClaire,0,0,0
,(B41) City of Bettendorf,0,0,0
,(D74) City of Davenport,0,0,0
,(D84) City of Davenport,0,0,0
,(B21) City of Bettendorf,0,0,0
,(D23) City of Davenport,0,0,0
,(D22) City of Davenport,0,0,0
,(D71) City of Davenport,0,0,0
,(PKV) Park View,0,0,0
,(B32) City of Bettendorf,0,0,0
,(BU) Buffalo Township,0,0,0
,(D53) City of Davenport,0,0,0
,(D43) City of Davenport,0,0,0
,(D83) City of Davenport,0,0,0
,(D21) City of Davenport,0,0,0
,(D13) City of Davenport,0,0,0
,(D73) City of Davenport,0,0,0
,(D64) City of Davenport,0,0,0
,(D44) City of Davenport,0,0,0
,(D63) City of Davenport,0,0,0
,(D81) City of Davenport,0,0,0
,(B11) City of Bettendorf,0,0,0
,(D12) City of Davenport,0,0,0
,(D32) City of Davenport,0,0,0
,(D82) City of Davenport,0,0,0
,(D54) City of Davenport,0,0,0
,(D42) City of Davenport,0,0,0
,(D72) City of Davenport,0,0,0
,Total,1,0,0
Shelby,Harlan 3,0,0,0
,Harlan 2,0,0,0
,Cass-Center-Jackson-Lincoln,0,0,0
,Douglas-Greeley-Jefferson-Polk,0,0,0
,Harlan 1,0,0,0
,Clay-Monroe,0,0,0
,Fairview-Shelby,0,0,0
,Grove-Union-Washington-Westphalia,0,0,0
,Harlan 4,0,0,0
,Total,0,0,0
Sioux,SCN/Capel/Welcome,0,0,0
,Alton/Nassau/East Orange,0,0,0
,Rock Valley West/Rock,0,0,0
,Grant/Sheridan,0,0,0
,Sioux Center South,0,0,0
,Rock Valley East,0,0,0
,PL/GF/ST/SX/EG N,0,0,0
,Sioux Center Central,0,0,0
,OC2/Holland E/NS 4-9,0,0,0
,Sherman,0,0,0
,West Branch/Center North,0,0,0
,Lincoln,0,0,0
,Reading/Center South,0,0,0
,Total,0,0,0
Story,Ames 1-2,0,0,0
,Ames 4-4,0,0,0
,Ames 2-2,0,0,0
,Ames 1-4,1,0,0
,Ames 1-3 - Grant Twp 2,2,0,0
,Ames 3-4,0,0,0
,Ames 2-1,0,0,0
,Ames 3-2,0,0,0
,Milford Township,0,0,0
,New Albany Twp-Colo,0,0,0
,Ames 2-5,0,0,0
,Lincoln Twp-Zearing,0,0,0
,Warren Twp-McCallsburg,0,0,0
,Lafayette Township,0,0,0
,Washington Twp-Kelley,0,0,0
,Richland Township,0,0,0
,Nevada Township,3,0,0
,Ames 3-5,2,0,0
,Ames 1-1,0,0,0
,Ames 1-5,0,0,0
,Ames 2-3,2,0,0
,Ames 3-3,0,0,0
,Ames 4-3,0,0,0
,Ames 4-2,0,0,0
,Story City,0,0,0
,Nevada 2,0,0,0
,Howard Twp-Roland,0,0,0
,Union Twp-Cambridge,0,0,0
,Slater-Sheldahl-Pal 2,2,0,0
,Nevada 1,0,0,0
,Huxley,0,0,0
,Nevada 3-Grant Twp 3,0,0,0
,Nevada 4,0,0,0
,Total,12,0,0
Tama,COLUMBIA/TAMA,0,0,0
,TOLEDO CITY,0,0,0
,INDIAN SETTLEMENT,0,0,0
,CLARK/GENESEO,1,0,0
,CARLTON,0,0,0
,PERRY/BUCKINGHAM/E CRYSTA,0,0,0
,RICHLAND/SALT CREEK,0,0,0
,S. OTTER CREEK,1,0,0
,CARROLL/ONEIDA/N OTTER CR,0,0,0
,HOWARD/TOLEDO,0,0,0
,YORK,0,0,0
,Total,2,0,0
Taylor,5-2 Lenox,0,0,0
,7-3 Legion,0,0,0
,2-1 Clearfield,0,0,0
,4-1 New Market,0,0,0
,6-3 City of Bedford,0,0,0
,3-1 Gravity,0,0,0
,1-1 Blockton,0,0,0
,Total,0,0,0
Union,Afton,0,0,0
,Creston 4 - Supertel,0,0,0
,Creston 3,0,0,0
,Creston 1,0,0,0
,Creston 2 - SWCC,0,0,0
,Lorimor,1,0,0
,Creston 5,0,0,0
,Total,1,0,0
Van Buren,Douds,0,0,0
,Stockport,0,0,0
,Bonaparte,0,0,0
,Total,0,0,0
Wapello,Green Twp,0,0,0
,Ottumwa Pct 01,0,0,0
,Adams/Blakesburg/Polk,0,0,0
,Ottumwa Pct 05,0,0,0
,Ottumwa Pct 04,0,0,0
,Keokuk Twp,0,0,0
,Ottumwa Pct 10,0,0,0
,Ottumwa Pct 07,0,0,0
,Richland/Kirkville,0,0,0
,Competine Twp,0,0,0
,Cass/Chillicothe,0,0,0
,Center Twp,0,0,0
,Agency/Agency/Pleasant,0,0,0
,Ottumwa Pct 09,0,0,0
,Ottumwa Pct 02,0,0,0
,Ottumwa Pct 06,0,0,0
,Ottumwa Pct 03,0,0,0
,Total,0,0,0
Warren,CUMMING/ WDM,0,0,0
,INDIANOLA 6,1,1,0
,LIBERTY TWP,0,0,0
,LINCOLN TWP,0,0,0
,WHITE OAK TWP,2,0,0
,INDIANOLA 1,0,0,0
,ALLEN 2,0,0,0
,BELMONT TWP,0,0,0
,INDIANOLA 4,0,0,0
,INDIANOLA 5,0,0,0
,GREENFIELD 1/ DM85,0,0,0
,GREENFIELD 1 TWP,0,0,0
,RICHLAND/ PALMYRA,0,0,0
,OTTER/ MILO,0,0,0
,JEFFERSON,0,0,0
,WHITE BREAST,0,0,0
,SQUAW CREEK TWP,0,0,0
,GREENFIELD 2/ LINCOLN 2,0,0,0
,JACKSON,0,0,0
,INDIANOLA 7,0,0,0
,INDIANOLA 2,1,0,0
,INDIANOLA 3,0,0,0
,ALLEN 3,1,0,0
,NORWALK 4 CITY,0,0,0
,NORWALK 2/ GREENFIELD,0,0,0
,NORWALK 3/ LINN,0,0,0
,Total,5,1,0
Washington,Washington Ward 2,0,0,0
,Washington Ward 4,0,0,0
,Kalona,0,0,0
,Washington Ward 1,0,0,0
,Wellman,0,0,0
,West Chester,1,1,0
,Brighton/Marion/Crawford,1,0,0
,Total,2,1,0
Wayne,C-02 Corydon,0,0,0
,A-01 Allerton-Clio-Lineville,0,0,0
,S-04 Seymour-Promise City,0,0,0
,H-03 Humeston-Millerton,0,0,0
,Total,0,0,0
Webster,Fort Dodge 07,0,0,0
,Fort Dodge 08,0,0,0
,Dayton-Burnside,0,0,0
,Colfax-Duncombe,0,0,0
,Elkhorn,0,0,0
,Fort Dodge 11,0,0,0
,Johnson,0,0,0
,Newark,0,0,0
,Fulton,0,0,0
,Fort Dodge 04,0,0,0
,Fort Dodge 09,0,0,0
,Fort Dodge 01,0,0,0
,Fort Dodge 05,0,0,0
,Fort Dodge 10,1,0,0
,Fort Dodge 12,0,0,0
,Fort Dodge 02,0,0,0
,Lost Grove,0,0,0
,Fort Dodge 06,0,0,0
,Sumner-Webster-Yell-Hardi,2,0,0
,Deer Creek-Jackson,0,0,0
,Cooper,0,0,0
,Douglas,0,0,0
,Gowrie,0,0,0
,Fort Dodge 03,0,0,0
,Badger-NW Cooper,0,0,0
,Total,3,0,0
Winnebago,King Linden,0,0,0
,Mt. Valley,0,0,0
,Forest City Ward 4,0,0,0
,Forest City Ward 1,1,0,0
,Buffalo Grant Lincoln,0,0,0
,Center,0,0,0
,Eden Logan Norway,0,0,0
,Forest City Ward 2,0,0,0
,Total,1,0,0
Winneshiek,PCT 03 - DEW1/DETSUP2,0,0,0
,PCT 10 - JA/SU/WA,0,0,0
,PCT 02 - FR/GL/DEW3/ DETSUP1,0,0,0
,PCT 05 - CN/DEW4/ DETSUP3,2,2,0
,PCT 09 - BLF/BO/FR/LI/MA/ OR,0,0,0
,PCT 04 - DEW2 (Decorah Ward 2),1,0,0
,PCT 01 - HE/HI/PL,0,0,0
,PCT 07 - CA/SP,0,0,0
,Total,3,2,0
Woodbury,Sioux City 15,0,0,0
,Sioux City 12,1,0,0
,Woodbury 26,0,0,0
,Sioux City 16,0,0,0
,29 Sergeant Bluff East/ Woodbury,0,0,0
,30 Sergeant Bluff West,0,0,0
,Sioux City 03,0,0,0
,Sioux City 07,0,0,0
,37 Climbing Hill/Grant/West Fork,0,0,0
,42 Smithland/Little Sioux,0,0,0
,40 Anthon/Miller,0,0,0
,33-Pierson/Rutland,0,0,0
,31 Salix/Liberty/Lakeport,0,0,0
,36 Lawton/Banner,0,0,0
,41 Danbury/Liston/Morgan,0,0,0
,Woodbury 28,0,0,0
,43 Oto/Oto Township,0,0,0
,Sioux City 09,0,0,0
,Woodbury 24,0,0,0
,Sioux City 13,0,0,0
,35 Moville/Arlington/Wolf Creek,0,0,0
,38 Sloan,0,0,0
,Sioux City 23,0,0,0
,Sioux City 08,2,0,0
,Woodbury 25,0,0,0
,Sioux City 21,0,0,0
,Sioux City 04,0,0,0
,Sioux City 18,0,0,0
,Sioux City 17,0,0,0
,Woodbury 27,0,0,0
,Woodbury 22,0,0,0
,Sioux City 19,0,0,0
,Total,3,0,0
Worth,Brookfield/Kensett,0,0,0
,Bristol/Silver Lake/Joice,0,0,0
,Fertile,0,0,0
,Danville/Hanlontown,0,0,0
,Deer Creek/Grove/Hartland/Northwood,0,0,0
,Lincoln/Manly,0,0,0
,Total,0,0,0
Wright,Dows,0,0,0
,Eagle Grove #3,0,0,0
,Eagle Grove/Troy,0,0,0
,Goldfield,0,0,0
,Rural Clarion,0,0,0
,Eagle Grove #2,0,0,0
,Eagle Grove #1,0,0,0
,Belmond,0,0,0
,Clarion,0,0,0
,Total,0,0,0
Out of State Satellite,Total,0,0,0
CD1 Satellite,Total,0,0,0
CD2 Satellite,Total,0,0,0
CD3 Satellite,Total,0,0,0
CD4 Satellite,Total,0,0,0
